column,Q1,Q3,IQR,lower_bound,upper_bound,n_outliers,pct_outliers
longitude,-121.79,-118.0,3.79,-127.48,-112.32,0,0.0
latitude,33.93,37.72,3.79,28.24,43.4,0,0.0
housing_median_age,18.0,37.0,19.0,-10.5,65.5,0,0.0
total_rooms,1462.0,3151.25,1689.25,-1071.88,5685.12,1076,6.33
total_bedrooms,297.0,648.25,351.25,-229.88,1175.12,1074,6.32
population,790.0,1721.0,931.0,-606.5,3117.5,1015,5.97
households,282.0,605.25,323.25,-202.88,1090.12,1032,6.07
median_income,2.57,4.77,2.2,-0.73,8.07,563,3.31
median_house_value,119400.0,265000.0,145600.0,-99000.0,483400.0,895,5.26
